folio,row,start_index,end_index,recorded_classes,note,source_bbox
186r,P01,28,36,X M A G E B H C I,Not adopted; consult row alternatives and source notes,"[2350, 2120, 4100, 2370]"
186r,P04,40,40,X2,Not adopted; consult row alternatives and source notes,"[750, 2470, 4100, 2770]"
186r,B1,1,9,M A L H B I F I E,Not adopted; consult row alternatives and source notes,"[[775, 2660, 1905, 2770], [1870, 2625, 3030, 2750], [2970, 2580, 3960, 2710]]"
186r,B4,67,67,QUI,Not adopted; consult row alternatives and source notes,"[[775, 2940, 1900, 3070], [1880, 2900, 3020, 3030], [3000, 2850, 4040, 2990]]"
186r,M1,13,13,X1,Not adopted; consult row alternatives and source notes,"[750, 3200, 4000, 3320]"
186r,M2,16,25,A A H B I E E I E A,Not adopted; consult row alternatives and source notes,"[750, 3300, 4000, 3420]"
186r,M4,24,24,H,Not adopted; consult row alternatives and source notes,"[750, 3490, 4000, 3615]"
186r,M4,45,64,X1 H A E G E E F H E H A C H A C H A E F,Not adopted; consult row alternatives and source notes,"[750, 3490, 4000, 3615]"
186r,M5,60,60,X3,Not adopted; consult row alternatives and source notes,"[750, 3590, 4000, 3725]"
186r,M7,15,25,L E F G E E F D E PLAINTEXT_S_S_Beatme X3,Not adopted; consult row alternatives and source notes,"[750, 3775, 4000, 3875]"
186r,M7,61,61,X2t,Not adopted; consult row alternatives and source notes,"[750, 3775, 4000, 3875]"
186r,M8,37,37,F,Not adopted; consult row alternatives and source notes,"[750, 3870, 4000, 3965]"
186r,M9,13,13,X4,Not adopted; consult row alternatives and source notes,"[750, 3960, 4000, 4070]"
186r,M10,1,8,F G D E F A I E,Not adopted; consult row alternatives and source notes,"[750, 4055, 4000, 4160]"
186r,M11,14,14,PLAINTEXT_S_S_T,Not adopted; consult row alternatives and source notes,"[750, 4145, 4000, 4270]"
186r,M11,30,47,D E H E L L E I A F F A A C E I A L,Not adopted; consult row alternatives and source notes,"[750, 4145, 4000, 4270]"
186r,M12,50,50,XMM,Not adopted; consult row alternatives and source notes,"[750, 4240, 4000, 4365]"
186r,M13,43,44,X6 X7,Not adopted; consult row alternatives and source notes,"[750, 4335, 4000, 4450]"
186r,M13,53,63,F E I A B H I E C E C,Not adopted; consult row alternatives and source notes,"[750, 4335, 4000, 4450]"
186r,L01,1,26,F E A H B I E A F F E F F A I G C B G C B I F G E E,Not adopted; consult row alternatives and source notes,"[720, 4425, 4090, 4569]"
186r,L01,34,44,A A F A E D E E I B A,Not adopted; consult row alternatives and source notes,"[720, 4425, 4090, 4569]"
186r,L02,37,44,X A E X L A F G,Not adopted; consult row alternatives and source notes,"[720, 4524, 4090, 4668]"
186r,L03,56,65,QUE L B A A E F E B I,Not adopted; consult row alternatives and source notes,"[720, 4623, 4090, 4767]"
186r,L04,27,27,X,Not adopted; consult row alternatives and source notes,"[720, 4722, 4090, 4866]"
186r,L06,10,10,X,Not adopted; consult row alternatives and source notes,"[720, 4920, 4090, 5074]"
186r,L07,22,59,CLEAR_ABBREVIATION G I F H F G H B H L H L A I F F E A L L E E I L A L E A A C B A G QUI L H L,Not adopted; consult row alternatives and source notes,"[720, 5019, 4090, 5173]"
186r,L09,1,15,F B F F E A A G E A C B E E F,Not adopted; consult row alternatives and source notes,"[720, 5170, 4090, 5317]"
186r,L09,38,38,X,Not adopted; consult row alternatives and source notes,"[720, 5170, 4090, 5317]"
186r,L09,49,51,X X X,Not adopted; consult row alternatives and source notes,"[720, 5170, 4090, 5317]"
186r,L11,14,21,A L C B A G E E,Not adopted; consult row alternatives and source notes,"[720, 5346, 4090, 5501]"
186r,L11,45,45,X,Not adopted; consult row alternatives and source notes,"[720, 5346, 4090, 5501]"
186r,L12,65,68,A A E E,Not adopted; consult row alternatives and source notes,"[720, 5434, 4090, 5593]"
186r,L13,1,6,I H E M A F,Not adopted; consult row alternatives and source notes,"[720, 5522, 4090, 5685]"
186r,L16,53,53,X,Not adopted; consult row alternatives and source notes,"[720, 5787, 4090, 5961]"
186r,L16,63,68,QUI L A E D E,Not adopted; consult row alternatives and source notes,"[720, 5787, 4090, 5961]"
186r,L17,49,58,QUE G B H G E F G E F,Not adopted; consult row alternatives and source notes,"[720, 5875, 4090, 6053]"
186v,V01,12,12,X3,Not adopted; consult row alternatives and source notes,"[850, 1138, 4180, 1294]"
186v,V01,70,70,XR1,Contains an unknown-length edge/ink region,"[850, 1138, 4180, 1294]"
186v,V02,1,2,A D,Not adopted; consult row alternatives and source notes,"[850, 1237, 4180, 1398]"
186v,V02,68,68,XR2,Contains an unknown-length edge/ink region,"[850, 1237, 4180, 1398]"
186v,V03,1,3,G E H,Not adopted; consult row alternatives and source notes,"[850, 1344, 4180, 1483]"
186v,V03,64,66,B A F,Not adopted; consult row alternatives and source notes,"[850, 1344, 4180, 1483]"
186v,V04,1,3,B H E,Not adopted; consult row alternatives and source notes,"[850, 1433, 4180, 1581]"
186v,V04,15,20,E B E M I F,Not adopted; consult row alternatives and source notes,"[850, 1433, 4180, 1581]"
186v,V04,55,61,C E H I A C E,Not adopted; consult row alternatives and source notes,"[850, 1433, 4180, 1581]"
186v,V05,60,66,C B E H E C XR5,Contains an unknown-length edge/ink region,"[850, 1536, 4180, 1677]"
186v,V06,1,4,A G E E,Not adopted; consult row alternatives and source notes,"[850, 1629, 4180, 1773]"
186v,V06,67,71,A F G I A,Not adopted; consult row alternatives and source notes,"[850, 1629, 4180, 1773]"
186v,V07,1,10,D E E C E F C H B E,Not adopted; consult row alternatives and source notes,"[850, 1731, 4180, 1859]"
186v,V08,54,54,X3,Not adopted; consult row alternatives and source notes,"[850, 1838, 4180, 1959]"
186v,V08,64,66,E F A,Not adopted; consult row alternatives and source notes,"[850, 1838, 4180, 1959]"
186v,V09,1,6,H C E G E F,Not adopted; consult row alternatives and source notes,"[850, 1951, 4180, 2072]"
186v,V09,15,18,A F E H,Not adopted; consult row alternatives and source notes,"[850, 1951, 4180, 2072]"
186v,V09,67,67,XR9,Contains an unknown-length edge/ink region,"[850, 1951, 4180, 2072]"
186v,V10,62,65,G E C XR10,Contains an unknown-length edge/ink region,"[850, 2043, 4180, 2167]"
186v,V11,1,1,E,Not adopted; consult row alternatives and source notes,"[850, 2144, 4180, 2258]"
186v,V12,3,6,[D?] I E H,Not adopted; consult row alternatives and source notes,"[850, 2230, 4140, 2350]"
186v,V12,8,8,[Xcross],Not adopted; consult row alternatives and source notes,"[850, 2230, 4140, 2350]"
186v,V12,19,22,M [omega?] B L,Not adopted; consult row alternatives and source notes,"[850, 2230, 4140, 2350]"
186v,V12,67,68,C XR12,Contains an unknown-length edge/ink region,"[850, 2230, 4140, 2350]"
186v,V13,3,3,[Xlowcross],Not adopted; consult row alternatives and source notes,"[850, 2330, 4140, 2450]"
186v,V13,11,12,C A,Not adopted; consult row alternatives and source notes,"[850, 2330, 4140, 2450]"
186v,V13,27,30,L I A H,Not adopted; consult row alternatives and source notes,"[850, 2330, 4140, 2450]"
186v,V13,36,39,L A I A,Not adopted; consult row alternatives and source notes,"[850, 2330, 4140, 2450]"
186v,V13,68,70,A B XR13,Contains an unknown-length edge/ink region,"[850, 2330, 4140, 2450]"
186v,V14,64,65,C XR14,Contains an unknown-length edge/ink region,"[850, 2430, 4140, 2550]"
186v,V15,17,18,[Xcross] [small-g],Not adopted; consult row alternatives and source notes,"[850, 2530, 4140, 2650]"
186v,V15,52,52,[Xcross],Not adopted; consult row alternatives and source notes,"[850, 2530, 4140, 2650]"
186v,V15,65,66,M XR15,Contains an unknown-length edge/ink region,"[850, 2530, 4140, 2650]"
186v,V16,3,11,I A G E E E [F/G] F E,Not adopted; consult row alternatives and source notes,"[850, 2630, 4140, 2750]"
186v,V16,14,14,[Xloop],Not adopted; consult row alternatives and source notes,"[850, 2630, 4140, 2750]"
186v,V16,19,21,F E [F/G],Not adopted; consult row alternatives and source notes,"[850, 2630, 4140, 2750]"
186v,V16,31,31,[clear-abbreviation],Not adopted; consult row alternatives and source notes,"[850, 2630, 4140, 2750]"
186v,V16,64,65,C XR16,Contains an unknown-length edge/ink region,"[850, 2630, 4140, 2750]"
186v,V18,39,50,C E QUI L [M/special?] B A G F B A G,Not adopted; consult row alternatives and source notes,"[850, 2835, 4190, 2980]"
186v,V18,58,58,[B/E],Not adopted; consult row alternatives and source notes,"[850, 2835, 4190, 2980]"
186v,V18,68,68,XR18,Contains an unknown-length edge/ink region,"[850, 2835, 4190, 2980]"
186v,V19,1,2,X2 X4,Not adopted; consult row alternatives and source notes,"[850, 2935, 4190, 3090]"
186v,V19,18,31,X6 G I F A POUR A E F C H I E E,Not adopted; consult row alternatives and source notes,"[850, 2935, 4190, 3090]"
186v,V21,61,61,XR21,Contains an unknown-length edge/ink region,"[850, 3130, 4190, 3290]"
186v,V22,65,66,C XR22,Contains an unknown-length edge/ink region,"[850, 3230, 4190, 3385]"
186v,V23,59,63,I A M A I,Contains an unknown-length edge/ink region,"[840, 3385, 4200, 3480]"
186v,V24,11,11,A,Not adopted; consult row alternatives and source notes,"[840, 3490, 4200, 3585]"
186v,V24,60,64,M E F M E,Contains an unknown-length edge/ink region,"[840, 3490, 4200, 3585]"
186v,V25,1,13,G E B A H E E E F H B H G,Not adopted; consult row alternatives and source notes,"[840, 3585, 4200, 3685]"
186v,V25,56,65,Xdel E C B H E I E L E,Contains an unknown-length edge/ink region,"[840, 3585, 4200, 3685]"
186v,V26,25,25,X,Not adopted; consult row alternatives and source notes,"[840, 3685, 4200, 3800]"
186v,V26,36,36,CLEAR_SSJ,Not adopted; consult row alternatives and source notes,"[840, 3685, 4200, 3800]"
186v,V27,1,1,X,Not adopted; consult row alternatives and source notes,"[840, 3780, 4200, 3885]"
186v,V27,11,12,X G,Not adopted; consult row alternatives and source notes,"[840, 3780, 4200, 3885]"
186v,V28,11,27,A X F A F L I A G E C B F E E X X,Not adopted; consult row alternatives and source notes,"[840, 3885, 4200, 3970]"
186v,V29,21,24,E A G E,Not adopted; consult row alternatives and source notes,"[840, 3980, 4200, 4075]"
186v,V29,55,57,A B X,Not adopted; consult row alternatives and source notes,"[840, 3980, 4200, 4075]"
186v,V30,34,35,A L,Not adopted; consult row alternatives and source notes,"[840, 4080, 4200, 4190]"
186v,V31,59,59,X,Not adopted; consult row alternatives and source notes,"[840, 4190, 4200, 4295]"
186v,V32,22,31,QUE A E A H M B I A F,Not adopted; consult row alternatives and source notes,"[840, 4295, 4200, 4400]"
186v,V33,34,38,QUI A E F B,Not adopted; consult row alternatives and source notes,"[840, 4405, 4200, 4510]"
